doctor_id,name,last_name,specialization,phone,email
1,Chị Dương Trần,Nguyễn,Miễn dịch,+84-25-381 8379,lejane@example.com
2,Chị Duyên Hoàng,Trần,Chấn thương chỉnh hình,+84-34-224226,janedang@example.net
3,Quang Mai Trần,Mai,Mắt,(05) 6165 0264,cbui@example.com
4,Khoa Mai,Lê,Tim mạch,(00) 4700 4197,maijane@example.net
5,Thành Hữu Nguyễn,Mai,Tiết niệu,02 6805989,johnhoang@example.org
6,Bà Thành Đặng,Lê,Tâm thần,(04) 6123 6935,xmai@example.com
7,Bà Hồng Trần,Mai,Chấn thương chỉnh hình,+84 41 9115567,hoangjane@example.net
8,Thành Đặng,Bùi,Tiết niệu,(08) 6652 9006,bdang@example.org
9,Hưng Phú Bùi,Dương,Miễn dịch,05 1162 7584,mduong@example.org
10,Ánh Mai,Dương,Ung bướu,00 1543 8370,hoangjohn@example.org
11,Minh Trần,Bùi,Tổng quát,+84 86 6555634,wpham@example.com
12,Chị Xuân Đặng,Lê,Da liễu,00 5825741,maijane@example.com
13,Thành Trần,Nguyễn,Sản phụ khoa,(02)953-7160,jane69@example.com
14,Dũng Phạm,Trần,Tim mạch,+84 92 8583322,tranjohn@example.org
15,Nhật Phú Trần,Phạm,Ung bướu,+84-24-207883,buijohn@example.com
16,Chị Hà Nguyễn,Dương,Tim mạch,+84-31-731 5241,john16@example.net
17,Nhật Thị Trần,Đặng,Tim mạch,01 2337 1621,jane15@example.org
18,Thành Hoàng Vũ,Bùi,Chấn thương chỉnh hình,(04)282-2136,dangjane@example.com
19,Quý ông Quang Dương,Phạm,Tâm thần,+84-13-945120,john94@example.net
20,Nam Thị Phạm,Lê,Cơ xương khớp,06 2458777,phamjane@example.org
21,An Nguyễn,Trần,Cơ xương khớp,(09) 6384 4616,dangjane@example.org
22,Nhật Đặng,Phạm,Tâm thần,+84 12 8254279,hoangjane@example.com
23,Quý cô Nhật Nguyễn,Phạm,Hô hấp,05 8152267,janeduong@example.org
24,Quý cô Lan Dương,Nguyễn,Mắt,+84-40-036592,cmai@example.org
25,Hoàng Trí Phạm,Trần,Tai Mũi Họng,+84-90-394 1731,jane96@example.net
26,Bà Lâm Phạm,Vũ,Mắt,+84-00-378 5920,jbui@example.org
27,Tú Dương,Mai,Mắt,07 5313904,jane32@example.com
28,Hải Phú Trần,Vũ,Nhi khoa,+84-32-504 7763,john93@example.org
29,Kim Dương,Dương,Mắt,(09)386-3404,jane66@example.org
30,Cô Lâm Trần,Mai,Miễn dịch,(04)166-1246,tranjohn@example.org
31,Cô Hạnh Hoàng,Đặng,Da liễu,08 6950 0177,dhoang@example.net
32,Chị Chi Trần,Lê,Tim mạch,+84 27 2372253,ptran@example.com
33,Hải Đức Mai,Mai,Sản phụ khoa,+84-95-872 0888,xbui@example.net
34,Hà Bùi,Mai,Tai Mũi Họng,00 8920805,tranjohn@example.net
35,Trung Bùi,Lê,Cơ xương khớp,+84-01-055465,otran@example.net
36,Bà Hải Dương,Mai,Ung bướu,+84-51-386563,fbui@example.net
37,Minh Vũ,Trần,Tâm thần,05 0091854,tduong@example.com
38,Quý cô Linh Nguyễn,Phạm,Nhi khoa,+84-83-394 0063,john42@example.net
39,Dũng Hoàng Hoàng,Trần,Nhi khoa,07 3874 6514,opham@example.org
40,Hải Đặng,Nguyễn,Miễn dịch,01 6994 0302,jane32@example.com
41,Bảo Nguyễn,Mai,Tâm thần,+84-22-762208,john93@example.com
42,Cô Lâm Lê,Nguyễn,Tổng quát,+84 83 0036984,xduong@example.com
43,Ông Quang Phạm,Lê,Hô hấp,+84 94 4617082,johnmai@example.net
44,Bà Dương Hoàng,Bùi,Tổng quát,+84 03 1432253,maijane@example.net
45,Quý cô Dương Lê,Trần,Tâm thần,+84-30-606 5272,jane34@example.org
46,Bác Tú Vũ,Đặng,Da liễu,(03) 0654 1564,fbui@example.org
47,Hải Mai,Bùi,Thần kinh,06 5161006,buijane@example.com
48,Quý ông Trọng Vũ,Nguyễn,Mắt,00 1029523,jane39@example.net
49,Khoa Hoàng,Vũ,Tổng quát,+84-66-874325,phamjohn@example.org
50,Yến Hoàng,Mai,Sản phụ khoa,+84-22-632806,duongjane@example.net
51,Quý cô An Bùi,Nguyễn,Mắt,(06)812-9524,phamjane@example.com
52,Anh Quang Hoàng,Lê,Ung bướu,(03) 0768 5117,johnvu@example.org
53,Hoàng Tấn Vũ,Đặng,Tim mạch,(04) 2554 4872,wnguyen@example.net
54,Quý cô Thành Mai,Phạm,Tai Mũi Họng,+84-02-444 9341,jane02@example.com
55,Ông Quang Vũ,Vũ,Hô hấp,+84-03-398316,janevu@example.net
56,Bảo Phạm,Dương,Tâm thần,+84 92 0832178,johndang@example.com
57,Chi Trần,Vũ,Chấn thương chỉnh hình,(00) 2146 0408,vujohn@example.com
58,Quý cô Dương Bùi,Phạm,Mắt,+84-25-519021,john98@example.com
59,Hà Hoàng,Vũ,Nội tiết,+84-90-264 3987,phamjohn@example.org
60,Thành Tấn Dương,Phạm,Thần kinh,+84 69 3908109,janele@example.com
61,Duyên Bùi,Dương,Da liễu,(07)807-6331,johnnguyen@example.com
62,Quý cô Khoa Vũ,Trần,Cơ xương khớp,+84 16 8759110,hoangjohn@example.net
63,Quý cô Hà Lê,Bùi,Da liễu,+84 19 8850598,ibui@example.org
64,Minh Mai Dương,Dương,Tim mạch,(00) 4273 5881,tranjohn@example.com
65,Cô Nhật Hoàng,Dương,Tai Mũi Họng,(02)839-0502,hoangjane@example.org
66,Minh Hoàng,Vũ,Tiêu hóa,08 6189 6619,hoangjohn@example.net
67,Quang Đức Nguyễn,Hoàng,Sản phụ khoa,01 0466313,janevu@example.org
68,Cô Phương Mai,Dương,Tâm thần,(08)128-2970,bvu@example.com
69,Trung Hữu Dương,Hoàng,Tiết niệu,+84-61-833 5860,buijohn@example.com
70,Ngọc Hoàng,Mai,Nhi khoa,(00)313-8192,idang@example.com
71,Mai Vũ,Dương,Thần kinh,+84-49-601 2404,janevu@example.net
72,Ông Trọng Bùi,Trần,Chấn thương chỉnh hình,(03)146-2748,buijohn@example.com
73,An Thị Mai,Trần,Thần kinh,01 7983 4409,tranjane@example.net
74,Chi Mai,Hoàng,Tiêu hóa,(07) 8283 2461,utran@example.net
75,Trung Phú Vũ,Nguyễn,Hô hấp,+84-90-956692,janehoang@example.org
76,Hạnh Vũ,Dương,Tim mạch,+84-53-536 7312,janevu@example.com
77,Thảo Phạm,Phạm,Miễn dịch,(00) 7511 7323,john35@example.net
78,Ông Trung Lê,Nguyễn,Tổng quát,03 1030715,hnguyen@example.com
79,Chị Nhật Đặng,Mai,Chấn thương chỉnh hình,+84 82 0583453,janetran@example.org
80,Tùng Hải Lê,Bùi,Tâm thần,(09) 2761 3474,john51@example.com
81,Anh Văn Nguyễn,Phạm,Nội tiết,05 9319774,phamjane@example.net
82,Phúc Trần,Hoàng,Nhi khoa,(06)791-5280,zduong@example.net
83,Hương Bùi,Nguyễn,Tiết niệu,04 6019 6078,janepham@example.net
84,Khoa Đặng,Bùi,Tiết niệu,+84-37-743 9480,dangjane@example.org
85,Thành Bùi,Dương,Chấn thương chỉnh hình,+84-17-506 5566,jane57@example.org
86,Quý cô Bảo Hoàng,Nguyễn,Da liễu,+84-02-338129,jane42@example.org
87,Quý ông Vũ Dương,Trần,Sản phụ khoa,+84-17-108587,john03@example.com
88,Quý ông Vũ Nguyễn,Nguyễn,Cơ xương khớp,02 5416979,jane09@example.com
89,Duyên Hoàng,Trần,Tổng quát,07 3857 3153,ppham@example.org
90,Phương Mai Bảo Mai,Dương,Nội tiết,03 3462 7737,janele@example.org
91,Hà Hoàng,Lê,Mắt,+84-84-274179,janele@example.org
92,Quý cô Lan Trần,Phạm,Nội tiết,01 9836 5964,mbui@example.net
93,Linh Vũ,Lê,Tổng quát,(08) 3576 2728,jane25@example.net
94,Bác Phúc Phạm,Đặng,Ung bướu,+84-41-151 2858,lejane@example.org
95,Anh Phúc Trần,Trần,Tim mạch,03 2490324,maijohn@example.com
96,Ông Hưng Đặng,Dương,Nội tiết,+84 88 9026311,kbui@example.net
97,Minh Dương,Nguyễn,Mắt,+84-00-858189,janedang@example.com
98,Bà Phương Phạm,Trần,Da liễu,(09) 1409 5425,john40@example.net
99,Thảo Mai,Nguyễn,Tim mạch,07 9097053,janevu@example.org
100,Nhật Đức Trần,Bùi,Tổng quát,07 8887359,lvu@example.net
101,Dũng Mai,Vũ,Tai Mũi Họng,(07)213-7834,jane24@example.net
102,Vi Lê,Bùi,Tâm thần,(07)341-8401,dnguyen@example.org
103,Hải Phạm,Vũ,Da liễu,+84-15-588563,hvu@example.net
104,Cô Duyên Đặng,Đặng,Tiêu hóa,05 1951 1209,john37@example.net
105,Lâm Phạm,Hoàng,Tổng quát,06 4369 3706,johnnguyen@example.com
106,Bà Phương Dương,Hoàng,Tổng quát,+84 56 1857023,buijane@example.net
107,Cô Bảo Lê,Hoàng,Tiêu hóa,+84-95-582194,nguyenjane@example.com
108,Linh Lê,Dương,Mắt,(07) 0593 0872,duongjohn@example.com
109,Cô Hải Vũ,Bùi,Da liễu,(04) 0858 4550,gle@example.net
110,An Tấn Nguyễn,Bùi,Thần kinh,01 5648 4854,john96@example.org
111,Nam Hải Trần,Hoàng,Tim mạch,+84-42-414 6972,wdang@example.com
112,Bà Khoa Nguyễn,Mai,Mắt,+84-63-755 3083,ehoang@example.org
113,Chị Lan Lê,Mai,Nhi khoa,07 0141 9393,dhoang@example.com
114,Dũng Lê,Hoàng,Nhi khoa,02 3714663,jane55@example.org
115,Nhật Bùi,Lê,Cơ xương khớp,(07)274-8797,jane72@example.net
116,Duyên Phạm,Trần,Ung bướu,02 4717 4988,john11@example.net
117,Cô An Phạm,Hoàng,Miễn dịch,03 5598632,gdang@example.com
118,Quang Phạm,Nguyễn,Tai Mũi Họng,+84 06 9475019,jane69@example.org
119,Cô Vân Mai,Vũ,Tai Mũi Họng,08 3208391,johnvu@example.com
120,Hà Hoàng,Trần,Sản phụ khoa,+84-95-841603,johnduong@example.org
121,Tú Hải Bùi,Trần,Tiết niệu,05 6735028,john23@example.com
122,Bà An Phạm,Nguyễn,Mắt,+84-93-910 9495,nguyenjohn@example.net
123,Khoa Phú Bùi,Nguyễn,Thần kinh,01 2477849,john96@example.com
124,Bảo Phạm,Mai,Ung bướu,+84-92-898713,duongjane@example.org
125,An Hữu Lê,Đặng,Tâm thần,07 0531 5674,khoang@example.org
126,Huy Hoàng,Mai,Ung bướu,+84 97 7618930,dangjohn@example.net
127,Chị Vi Mai,Bùi,Ung bướu,08 0073 9539,jane71@example.org
128,Cô Ánh Đặng,Bùi,Tai Mũi Họng,09 7111 7321,john61@example.com
129,An Mai,Phạm,Mắt,+84 29 1255512,johndang@example.com
130,Quý cô Ngọc Trần,Lê,Ung bướu,+84 77 2165058,johnvu@example.org
131,Dũng Trần,Bùi,Nội tiết,+84-14-884 6766,johnvu@example.org
132,Nhật Mai,Nguyễn,Hô hấp,+84-10-049670,jane46@example.net
133,Quang Trí Hoàng,Vũ,Tai Mũi Họng,(03) 7728 1832,jane18@example.net
134,Bác Hưng Mai,Lê,Sản phụ khoa,(01)696-5922,johnnguyen@example.net
135,Ông Nhiên Vũ,Dương,Tâm thần,(01)461-5038,maijohn@example.net
136,Xuân Lê,Nguyễn,Da liễu,(06) 0206 3630,johnpham@example.com
137,Huy Mai,Mai,Cơ xương khớp,(09)910-6669,jane83@example.com
138,Quang Văn Mai,Trần,Tiết niệu,08 1318 4363,rdang@example.org
139,Hà Đức Trần,Trần,Tim mạch,+84-91-395638,john74@example.org
140,Quý cô Vi Bùi,Trần,Tim mạch,+84-77-465753,janemai@example.org
141,Quang Tấn Phạm,Bùi,Tâm thần,+84-64-653 5387,bdang@example.com
142,Anh Bảo Đặng,Lê,Ung bướu,(09)276-4306,tranjane@example.org
143,Anh Quang Hoàng,Đặng,Chấn thương chỉnh hình,(07)213-8689,janeduong@example.com
144,Chị Ngọc Dương,Nguyễn,Tiêu hóa,06 8059 4658,jane86@example.com
145,Minh Lê,Bùi,Cơ xương khớp,(03)667-1568,lejane@example.net
146,Tú Mai,Hoàng,Da liễu,01 3234321,jane74@example.org
147,Minh Đức Nguyễn,Vũ,Tâm thần,+84-97-042683,udang@example.org
148,Khoa Xuân Lê,Trần,Thần kinh,(03)546-5621,janeduong@example.net
149,Hoàng Đặng,Lê,Tim mạch,+84-18-593007,vujane@example.org
150,Chi Mai,Nguyễn,Nhi khoa,04 2581 9593,janele@example.net
151,Quý ông Hưng Nguyễn,Dương,Tổng quát,+84-47-112439,jane44@example.org
152,Trung Hữu Nguyễn,Dương,Tiết niệu,09 9054773,janetran@example.com
153,Hương Phạm,Bùi,Miễn dịch,+84-18-638348,duongjane@example.org
154,Vân Lê,Bùi,Mắt,+84 69 9434772,jle@example.net
155,Lâm Phạm,Vũ,Mắt,06 8045 0091,janele@example.org
156,Nhiên Văn Đặng,Trần,Sản phụ khoa,02 8504132,jane76@example.com
157,Nhật Trí Mai,Đặng,Tai Mũi Họng,+84 41 4181729,johnmai@example.org
158,Anh Nam Bùi,Lê,Tổng quát,(08) 3136 9844,dangjohn@example.com
159,Nhật Phú Vũ,Hoàng,Ung bướu,+84 02 1521160,tranjohn@example.com
160,Cô Hương Vũ,Mai,Hô hấp,+84-95-586 9475,uvu@example.org
161,Bảo Trần,Vũ,Da liễu,+84-67-759022,dnguyen@example.net
162,Nhật Tấn Phạm,Trần,Tâm thần,(02)987-4994,vhoang@example.org
163,Quý cô Ngọc Bùi,Hoàng,Tâm thần,(07) 6445 6708,tranjane@example.com
164,Hạnh Quang Dương,Dương,Sản phụ khoa,08 9717205,zvu@example.net
165,Hồng Vũ,Lê,Chấn thương chỉnh hình,08 0515 2921,janehoang@example.org
166,Ông Châu Dương,Dương,Tai Mũi Họng,02 1086 2645,phamjohn@example.net
167,Anh Tú Bùi,Bùi,Tim mạch,+84-76-764 5792,nguyenjane@example.net
168,Bác Trung Vũ,Vũ,Tai Mũi Họng,04 7188219,jane02@example.com
169,Tùng Xuân Trần,Bùi,Miễn dịch,+84-42-205 4603,phamjohn@example.com
170,Bảo Lê,Vũ,Chấn thương chỉnh hình,+84-24-290575,vujohn@example.org
171,Vi Vũ,Bùi,Tổng quát,+84-20-808472,johndang@example.net
172,Bà Dương Phạm,Trần,Chấn thương chỉnh hình,08 5275774,buijane@example.net
173,Hưng Bùi,Vũ,Tiêu hóa,+84-07-611618,maijane@example.com
174,Châu Phạm,Lê,Cơ xương khớp,07 5264 3092,janenguyen@example.net
175,Thành Đặng,Mai,Tim mạch,+84-17-171708,vujohn@example.org
176,Bảo Mai,Mai,Chấn thương chỉnh hình,03 8566 6138,johnmai@example.net
177,Chị Hà Hoàng,Hoàng,Nhi khoa,07 9952 0618,janebui@example.org
178,Tùng Bùi,Mai,Da liễu,(07)900-1394,john51@example.com
179,Chị Mai Trần,Dương,Nội tiết,(03) 0422 6326,vujane@example.net
180,Kim Mai,Trần,Tiêu hóa,+84 82 2332765,johnpham@example.com
181,Hà Hoàng Bùi,Nguyễn,Chấn thương chỉnh hình,(01)481-1448,johndang@example.org
182,Dũng Trần,Dương,Tiêu hóa,+84-42-529034,johnle@example.com
183,Cô Hồng Phạm,Đặng,Thần kinh,(09) 1751 1051,vujane@example.com
184,Quý ông Châu Nguyễn,Phạm,Thần kinh,+84-20-300852,john82@example.net
185,Khoa Bùi,Dương,Nội tiết,00 7286 5147,johnmai@example.org
186,Bác Nam Nguyễn,Đặng,Tai Mũi Họng,+84 71 1119077,jane35@example.com
187,Ngọc Bùi,Lê,Chấn thương chỉnh hình,(06) 9006 3077,idang@example.org
188,Trung Đặng,Phạm,Tai Mũi Họng,+84-23-150 7747,ibui@example.org
189,Mai Phạm,Lê,Nhi khoa,(07) 8506 5028,vle@example.org
190,Cô Lan Trần,Hoàng,Tiết niệu,+84-29-921730,johnmai@example.org
191,Quý cô Bảo Vũ,Lê,Da liễu,06 8944 3783,john77@example.net
192,Bà Ngọc Vũ,Phạm,Ung bướu,(03) 3025 1872,jane50@example.org
193,Vi Bùi,Bùi,Nhi khoa,08 2887 7756,john11@example.com
194,Chị Nhật Bùi,Dương,Miễn dịch,04 7608 7718,tle@example.com
195,Cô Hà Trần,Phạm,Da liễu,+84-26-017203,johnle@example.org
196,Thành Dương,Trần,Cơ xương khớp,+84-79-679441,janemai@example.com
197,Anh Tú Bùi,Nguyễn,Hô hấp,+84 18 4648451,john18@example.org
198,Bà Hạnh Dương,Hoàng,Sản phụ khoa,(05) 7077 3982,janepham@example.org
199,Nhật Phạm,Hoàng,Tim mạch,+84 61 3674737,snguyen@example.org
200,Nhiên Lê,Lê,Nhi khoa,00 5592968,phamjane@example.org
